{
  "locale": "pl-PL",
  "context": {
    "attacker": {
      "weapon": "long, good-quality sword (steel)",
      "posture": "advance, keep formation"
    },
    "defender": {
      "armor": "chainmail and round shield (front)"
    },
    "environment": "muddy ford; light rain; narrow bridge"
  },
  "whitelist": {
    "tags": [
      "weapon.longsword",
      "weapon.shortbow",
      "weapon.crossbow",
      "weapon.mace",
      "armor.chainmail",
      "armor.gambeson",
      "shield.round_shield",
      "quality.poor",
      "quality.common",
      "quality.good",
      "quality.master",
      "terrain.mud",
      "terrain.slippery",
      "posture.hold_node",
      "posture.charge",
      "formation.shield_wall",
      "target_priority.archers",
      "target_priority.leader",
      "target_priority.melee",
      "material.steel",
      "material.wood",
      "condition.fine",
      "condition.worn"
    ]
  }
}