{
  "schema_version": "0.1",
  "archetypes": {
    "weapon": {
      "longsword": {
        "base_damage": [
          5,
          8
        ],
        "speed": 1.0,
        "reach": "medium",
        "damage_types": [
          "slashing",
          "piercing"
        ],
        "hands": "one"
      },
      "shortbow": {
        "base_damage": [
          3,
          6
        ],
        "speed": 1.2,
        "reach": "long",
        "damage_types": [
          "piercing"
        ],
        "hands": "two"
      },
      "crossbow": {
        "base_damage": [
          6,
          9
        ],
        "speed": 0.7,
        "reach": "long",
        "damage_types": [
          "piercing"
        ],
        "hands": "two"
      },
      "mace": {
        "base_damage": [
          4,
          7
        ],
        "speed": 0.9,
        "reach": "short",
        "damage_types": [
          "blunt"
        ],
        "hands": "one"
      }
    },
    "armor": {
      "chainmail": {
        "slashing_mult": 0.8,
        "piercing_mult": 1.0,
        "blunt_mult": 1.1
      },
      "gambeson": {
        "slashing_mult": 0.9,
        "piercing_mult": 0.95,
        "blunt_mult": 1.0
      }
    },
    "shield": {
      "round_shield": {
        "frontal_projectile_block_chance": 0.35,
        "melee_block_mult": 0.9
      }
    }
  },
  "qualities": {
    "poor": {
      "dmg_mult": 0.9,
      "crit_pp": -5,
      "break_pp": 5
    },
    "common": {
      "dmg_mult": 1.0,
      "crit_pp": 0,
      "break_pp": 0
    },
    "good": {
      "dmg_mult": 1.1,
      "crit_pp": 5,
      "break_pp": -2
    },
    "master": {
      "dmg_mult": 1.15,
      "crit_pp": 10,
      "break_pp": -5
    }
  },
  "materials": {
    "steel": {
      "durability_mult": 1.0
    },
    "wood": {
      "durability_mult": 0.8
    }
  },
  "terrain": {
    "mud": {
      "move_mult": 0.85,
      "melee_accuracy_mult": 0.95
    },
    "slippery": {
      "melee_accuracy_mult": 0.9
    }
  },
  "posture": {
    "hold_node": {
      "defense_mult": 1.05,
      "pursuit_mult": 0.0
    },
    "charge": {
      "initiation_bonus": 0.1
    }
  },
  "formation": {
    "shield_wall": {
      "ranged_damage_taken_mult": 0.8,
      "move_mult": 0.85
    }
  },
  "vs_armor": {
    "chainmail": {
      "slashing": 0.8,
      "piercing": 1.0,
      "blunt": 1.1
    },
    "gambeson": {
      "slashing": 0.9,
      "piercing": 0.95,
      "blunt": 1.0
    }
  },
  "clamps": {
    "per_tag_mult_min": 0.8,
    "per_tag_mult_max": 1.2,
    "total_mult_min": 0.6,
    "total_mult_max": 1.6
  },
  "whitelist": {
    "tags": [
      "weapon.longsword",
      "weapon.shortbow",
      "weapon.crossbow",
      "weapon.mace",
      "armor.chainmail",
      "armor.gambeson",
      "shield.round_shield",
      "quality.poor",
      "quality.common",
      "quality.good",
      "quality.master",
      "terrain.mud",
      "terrain.slippery",
      "posture.hold_node",
      "posture.charge",
      "formation.shield_wall",
      "target_priority.archers",
      "target_priority.leader",
      "target_priority.melee",
      "material.steel",
      "material.wood",
      "condition.fine",
      "condition.worn"
    ]
  },
  "explain_templates": {
    "reach_advantage": "$attacker uses longer reach to strike first.",
    "armor_resist": "$defender's $armor dampens $type damage (x$mult).",
    "terrain_effect": "Terrain $terrain affects melee accuracy (x$mult)."
  }
}